t_ms,phase,label,heap_used_mb,heap_total_mb,rss_mb,external_mb
2,baseline,start,4.1,6.14,46.89,1.51
2,array-churn,before-alloc,4.11,6.14,46.91,1.51
5,array-churn,growing-25pct,11.81,16.8,61.8,1.51
8,array-churn,growing-50pct,20.54,29.63,75.72,1.51
10,array-churn,growing-75pct,29.1,38.19,85.33,1.51
12,array-churn,growing-100pct,35.37,45.42,93.77,1.49
12,array-churn,peak-before-release,35.37,45.42,93.77,1.49
12,array-churn,after-release-pre-gc,35.37,45.42,93.77,1.49
14,array-churn,after-release-post-gc,3.09,12.39,92.55,1.49
14,map-cache,before-alloc,3.09,12.39,92.55,1.49
20,map-cache,growing-25pct,20.71,23.39,96.14,1.49
28,map-cache,growing-50pct,30.66,47.92,102.34,1.49
36,map-cache,growing-75pct,51.78,68.69,123.86,1.49
60,map-cache,growing-100pct,50.19,79.66,141.36,1.49
60,map-cache,peak-before-clear,50.19,79.66,141.36,1.49
60,map-cache,after-clear-pre-gc,50.2,79.66,141.36,1.49
62,map-cache,after-clear-post-gc,3.1,40.14,134.36,1.49
62,weakmap-cycle,before-alloc,3.1,40.14,134.36,1.49
66,weakmap-cycle,growing-25pct,26.83,47.25,138.23,1.49
93,weakmap-cycle,growing-50pct,46.72,110.05,176.81,1.49
107,weakmap-cycle,growing-75pct,64.25,125.75,192.7,1.49
118,weakmap-cycle,growing-100pct,92.52,151.48,218.73,1.49
118,weakmap-cycle,peak-before-release,92.52,151.48,218.73,1.49
118,weakmap-cycle,after-release-pre-gc,92.52,151.48,218.73,1.49
120,weakmap-cycle,after-release-post-gc,3.11,66.89,205.84,1.49
120,map-cycle-retained,before-alloc,3.11,66.89,205.84,1.49
122,map-cycle-retained,growing-25pct,22.92,70.73,205.88,1.49
130,map-cycle-retained,growing-50pct,38.02,71.16,209.48,1.49
150,map-cycle-retained,growing-75pct,60.54,124.42,216.59,1.49
152,map-cycle-retained,growing-100pct,76.19,139.92,216.61,1.49
152,map-cycle-retained,peak-still-referenced,76.19,139.92,216.61,1.49
168,map-cycle-retained,post-gc-while-retained,72.68,136.66,213.09,1.49
168,map-cycle-retained,after-explicit-clear-pre-gc,72.68,136.66,213.09,1.49
172,map-cycle-retained,after-explicit-clear-post-gc,3.12,67.14,206.08,1.49
173,baseline,end,3.11,67.14,206.08,1.49
